{"cameraMode":{"drawMode":0,"name":"Shaded","section":"Shading Mode"},"sceneLighting":false,"audioPlay":false,"sceneViewState":{"m_AlwaysRefresh":true,"showFog":true,"showSkybox":false,"showFlares":true,"showImageEffects":true,"showParticleSystems":true,"showVisualEffectGraphs":true,"m_FxEnabled":true},"in2DMode":false,"pivot":{"x":-0.000057635828852653503,"y":0.2549999952316284,"z":0.05280645191669464},"rotation":{"x":-0.08945781737565994,"y":0.7635989189147949,"z":-0.10838449746370316,"w":-0.6302250027656555},"size":0.4377407133579254,"orthographic":false}