{"cameraMode":{"drawMode":0,"name":"Shaded","section":"Shading Mode"},"sceneLighting":true,"audioPlay":false,"sceneViewState":{"m_AlwaysRefresh":true,"showFog":true,"showSkybox":true,"showFlares":true,"showImageEffects":true,"showParticleSystems":true,"showVisualEffectGraphs":true,"m_FxEnabled":true},"in2DMode":false,"pivot":{"x":0.08804392069578171,"y":0.05430638790130615,"z":0.22084617614746095},"rotation":{"x":0.000854303827509284,"y":0.9748062491416931,"z":-0.22310827672481538,"w":0.0037754452787339689},"size":2.399022340774536,"orthographic":false}