{"cameraMode":{"drawMode":0,"name":"Shaded","section":"Shading Mode"},"sceneLighting":true,"audioPlay":false,"sceneViewState":{"m_AlwaysRefresh":true,"showFog":true,"showSkybox":true,"showFlares":true,"showImageEffects":true,"showParticleSystems":true,"showVisualEffectGraphs":true,"m_FxEnabled":true},"in2DMode":false,"pivot":{"x":-0.5452811121940613,"y":1.077730655670166,"z":0.21189701557159425},"rotation":{"x":-0.0010789816733449698,"y":0.9897659420967102,"z":-0.007421167567372322,"w":-0.1426396667957306},"size":0.8305016160011292,"orthographic":false}