{"cameraMode":{"drawMode":0,"name":"Shaded","section":"Shading Mode"},"sceneLighting":true,"audioPlay":false,"sceneViewState":{"m_AlwaysRefresh":true,"showFog":true,"showSkybox":true,"showFlares":true,"showImageEffects":true,"showParticleSystems":true,"showVisualEffectGraphs":true,"m_FxEnabled":true},"in2DMode":false,"pivot":{"x":-0.5403892397880554,"y":0.9585472345352173,"z":0.044405460357666019},"rotation":{"x":-0.005127917509526014,"y":0.9792493581771851,"z":-0.20105357468128205,"w":-0.02497628703713417},"size":2.1968564987182619,"orthographic":false}