{"cameraMode":{"drawMode":0,"name":"Shaded","section":"Shading Mode"},"sceneLighting":false,"audioPlay":false,"sceneViewState":{"m_AlwaysRefresh":false,"showFog":false,"showSkybox":false,"showFlares":false,"showImageEffects":false,"showParticleSystems":false,"showVisualEffectGraphs":true,"m_FxEnabled":true},"in2DMode":false,"pivot":{"x":0.000050187110900878906,"y":0.8669485449790955,"z":-0.046044111251831058},"rotation":{"x":0.0013510591816157103,"y":0.9965001344680786,"z":-0.08239633589982987,"w":0.016129106283187867},"size":1.4324841499328614,"orthographic":false}