{"cameraMode":{"drawMode":0,"name":"Shaded","section":"Shading Mode"},"sceneLighting":false,"audioPlay":false,"sceneViewState":{"m_AlwaysRefresh":false,"showFog":false,"showSkybox":false,"showFlares":false,"showImageEffects":false,"showParticleSystems":false,"showVisualEffectGraphs":true,"m_FxEnabled":true},"in2DMode":false,"pivot":{"x":0.010929033160209656,"y":0.767061710357666,"z":0.18467557430267335},"rotation":{"x":0.00641031377017498,"y":0.9867539405822754,"z":-0.15702497959136964,"w":0.04028250649571419},"size":1.2121673822402955,"orthographic":false}