{"cameraMode":{"drawMode":0,"name":"Shaded","section":"Shading Mode"},"sceneLighting":false,"audioPlay":false,"sceneViewState":{"m_AlwaysRefresh":true,"showFog":true,"showSkybox":false,"showFlares":true,"showImageEffects":true,"showParticleSystems":true,"showVisualEffectGraphs":true,"m_FxEnabled":true},"in2DMode":false,"pivot":{"x":0.00010570138692855835,"y":0.1799534261226654,"z":-0.02154235541820526},"rotation":{"x":-0.08945781737565994,"y":0.7635989189147949,"z":-0.10838449746370316,"w":-0.6302250027656555},"size":0.3939008116722107,"orthographic":false}